Variant,MAE,RMSE,MAPE,R2
w/o CNN (BiLSTM only),13.854000091552734,18.010000228881836,8.471,0.9787
w/o BiDir (CNN-LSTM),10.854000091552734,14.003000259399414,7.189,0.9871
w/o BatchNorm,12.381999969482422,16.222000122070312,7.406,0.9827
